node_id,node_caption,choice_id,choice_caption,tags,require_money,lock_hard_condition,lock_soft_condition,delta_CT,delta_PP,delta_NS,delta_NW,delta_Money,set_flag_S1BlefUsed,set_flag_S2PaidPatrick,set_flag_S2ExtraWorkRequired,set_S2PatrickAnswerStyle,set_S3BreakingPointAnswer,set_S3CharlotteKnowsAboutPatrick,set_S3FinalVariant,next_node_fixed,next_if_S2PaidPatrick_true,next_if_S2PaidPatrick_false,archetype_penalty_remark,notes
SETUP_Archetype,"Стартовое состояние (применяется автоматически в зависимости от архетипа)",SETUP_default,(авто),,,,,0,0,0,0,0,0,0,0,None,Unset,0,Unset,S1_Entry,,,,Базовый нод-инициализатор,просто старт
S1_Entry,"Сцена 1: ночи, счета, Шарлотта (визуал 1_1 1_2 1_3)",SEE,визуал без выбора,,,,,,,,,,,,,,,,S1_QTA_1_3,,,
S1_QTA_1_3,"Сцена 1.3 QTA: ответ Шарлотте про долг",S1_3_A,"Уязвимость / Честность","honest;warm",,,,"+10",0,"+4","+3",0,0,0,0,None,,,,S1_KUB_Entry,,,Если Циник: warm штраф trust-3/stress+3/warmth+1,
S1_QTA_1_3,,"S1_3_B","Защитный цинизм / Дистанция","cold;avoid",,,,"-6",0,"+6","-2",0,0,0,0,None,,,,S1_KUB_Entry,,,
S1_QTA_1_3,,"S1_3_C","Блеф / Уверенность на пустом","lie;avoid;control",,,,"-2",0,"+2","-1",0,1,0,0,None,,,,S1_KUB_Entry,,,Если Контролер: lie/control небольшой бонус stress-1,
S1_KUB_Entry,"Переход в KUB: аванс 100$, экран enter",AUTORUN_Apply,"(авто) +100$, +3 stress",,,,,,0,0,"+3",0,"+100",0,0,0,None,,,,S1_QTA_Contract,,,,
S1_QTA_Contract,"Сцена 1 конtract QTA: Нажать Энтер / Отказаться",S1_CONTRACT_A,"Нажать Энтер",accept,,,,,,0,0,"+3",0,0,0,0,0,None,,,,LEVEL_BLOCK_BEFORE_L5,,,
S1_QTA_Contract,,"S1_CONTRACT_B","Отказаться => GAME OVER + Возврат с пенальти","reject;mentalbreak",,,,"-5",0,"+15","-5",0,0,0,0,None,,,,S1_CONTRACT_B_Return,,,GAME OVER ветка + возврат с высоким стрессом,ставим флаг возврата потом если нужно; сейчас для упрощения просто повышен stress после повторного входа
S1_CONTRACT_B_Return,"(экспромт) Возврат после отказа: Ник передумал / очнулся",AUTORUN_Apply,"(авто) + stress пенальти",,,,,,0,0,"+15","-3",0,0,0,0,None,,,,LEVEL_BLOCK_BEFORE_L5,,,
LEVEL_BLOCK_BEFORE_L5,"Блок уровней 1..5 (геймплей)",AUTORUN_Apply,"(авто) +500$, +5 stress, эффект 5 уровней",,,,,,0,0,"+5","-1","+500",0,0,0,None,,,,S2_Entry,,,суммарный эффект блока 1-5 уровней,можно подкручивать
S2_Entry,"Сцена 2: утро, +500, Шарлотта ругается → плюс она спрашивает → объятия/обещание → сон",AUTORUN_Apply,"(авто) легкий тон: stress -3 trust +3",,,,,,"+3",0,"-3","+2",0,0,0,0,None,,,,S2_Patrick_Visit,,,этот нод можно руками подгонять,если хочешь чтобы тон был суровее
S2_Patrick_Visit,"Сцена 2: Патрик пришел (3 вступительных кадра 4_1 4_2 4_3)",AUTORUN_Apply,"(авто) легкий рост давления и стресса",,,,,,0,"+5","+5","-1",0,0,0,0,None,,,,S2_QTA_Patrick,,,
S2_QTA_Patrick,"Сцена 2 QTA: Ответ Патрику",S2_A_Submissive,"Сдержанный / Прогиб","avoid;submissive",,,,"-3","-5","+4","-2",0,0,0,0,Submissive,,,,,LEVEL_BLOCK_Patrick_Branch,,"Если Контролер: submissive стоит дополнительно stress+2"
S2_QTA_Patrick,,"S2_B_Aggressive","Агрессивный выпад про сестру","aggressive;cold;honest",,,,"-5","+25","+10","-5",0,0,0,0,Aggressive,,,,,LEVEL_BLOCK_Patrick_Branch,,
S2_QTA_Patrick,,"S2_C_Sarcasm","Сарказм / Вейп / Статус","sarcastic;aggressive;avoid",,,,"-3","+15","+8","-3",0,0,0,0,Sarcastic,,,,,LEVEL_BLOCK_Patrick_Branch,,
S2_QTA_Patrick,,"S2_D_Pay450","Отдать 450$ Патрику","money;avoid;control",">= 450",,,"-4","-30","+10","-2","-450",0,1,1,Paid,,,,,LEVEL_BLOCK_Patrick_Branch,,Если Растерянный: дополнительно stress+2; Если Контролер: stress-2 (ему легче так решать)
LEVEL_BLOCK_Patrick_Branch,"Переключение геймплейного блока 5 vs 8 уровней",SWITCH,"(авто) ветка по флагу S2_PaidPatrick",,,,,,0,0,0,0,0,0,0,0,,,,,0,Scene3_Entry_PaidPatrick,Scene3_Entry_Standard,,Потом под капотом либо 5 лвл либо 8, effects пишем ниже отдельными двумя autorun-нодами если нужно детальнее
LEVEL_DETAIL_StandardPath_6_14,"(опция детализации) Стандартный блок 6..14 = еще 9 уровней по сути → берем суммарный эффект",AUTORUN_Apply,"(авто) +2250$, +12 stress",,,,,,0,0,"+12","-2","+2250",0,0,0,None,,,,,,,используй если хочешь точнее считать бабло/стресс вместо грубого перехода
LEVEL_DETAIL_PaidPath_Extra3Fillers,"(опция детализации) Доп 3 филлера после 5 → 6..8 суммарно",AUTORUN_Apply,"(авто) +900$, +27 stress + усталость",,,,,,0,0,"+27","-4","+900",0,0,0,None,,,,,,,для 3 филлеров суммарный; если хочешь по 1 филлеру=+300M +9NS — итого как раз 900/27; потом стандартный 6..14 еще даст свои бабки и стресс; ниже даю общий суммарный нод чтобы ты сразу игрался
LEVEL_DETAIL_PaidPath_Total_5_to_14,"(упрощенный вариант) Путь 8 уровней: стандартный блок + доп 3 филлера суммарно",AUTORUN_Apply,"(авто) +2250 +900 = +3150 деньги; NS = +12 +27 = +39",,,,,,0,0,"+39","-6","+3150",0,0,0,None,,,,,,,если не хочешь считать по отдельности,бери этот нод как 1 вызов после входа в сцену 3 paid ветки
Scene3_Entry_Standard,"Сцена 3 (не платил Патрику) 1_1 → 1_2 Шарлотта пришла. Ветка тепло/холодно по предыдущим выборам и шкалам.",AUTORUN_Apply,"(авто) entry bias по состоянию",,,,,,0,0,0,0,0,0,0,0,None,,,,Scene3_BreakingPoint_Standard,,,Можно сюда добавить +Trust легкий если NW>0, или штраф если NS>70.
Scene3_Entry_PaidPatrick,"Сцена 3 (ПЛАТИЛ ПАТРИКУ). 1_1b: Ник чуть живой, красные глаза, бутылки повсюду, «хватает… чтобы не сдохнуть»",AUTORUN_Apply,"(авто) entry bias",,,,,,"-5",0,"+8","-2",0,0,0,0,None,,,,Scene3_BreakingPoint_PaidPatrick,,,"Обязательно" высокий стресс пришел, ниже будет хард лок на успокоить
Scene3_BreakingPoint_Standard,"Сцена 3 breaking point (стандарт)",S3_D_Truth,"Сказать правду (если имел в виду что-то конкретное про Патрика, иначе общий)","honest",,,,"-10",0,"-10","+2",0,0,0,0,None,Truth,1,,,,Scene3_Final_Selector_Standard,,Доверие сначала падает на 20, потом растет на 10 → запишем как суммарно -10; стресс падает потому что выговорился
Scene3_BreakingPoint_Standard,,"S3_E_Lie","Ложь / замять правду","lie;control",,,,"+5",0,"+10","-3",0,0,0,0,None,Lie,0,,,,Scene3_Final_Selector_Standard,,Trust растет поверхностно, Stress высокий остается
Scene3_BreakingPoint_Standard,,"S3_A_Calm","Успокоить / не обсуждать","warm;avoid",,,"NS > 70 (softlock)","+8",0,"+5","+2",0,0,0,0,None,Avoid,0,,,,Scene3_Final_Selector_Standard,,Мягкий лок при NS>70 (выглядит странно, но можно нажать с пенальти); Если нажимаешь при высоком стрессе — эффекты становятся хуже: ниже я оставил базово хорошие, но можно сделать “если NS>70 то +4 Trust вместо +8 и +10 Stress”. Для упрощения вручную подкрути потом.
Scene3_BreakingPoint_PaidPatrick,"Сцена 3 breaking point (ПЛАТИЛ ПАТРИКУ)",S3_D_Truth_PaidBranch,"Сказать правду: «Я отдал ему 450»","honest;cold",,,"NS > 95 (hardlock)","-20",0,"-10","+1",0,0,0,0,None,Truth,1,,,,Scene3_Final_PaidPatrick,,,Правда тяжелая: Trust -20 (ярость), но потом снимает стресс -10; ставит флаг CharlotteKnows = 1
Scene3_BreakingPoint_PaidPatrick,,"S3_E_Lie_PaidBranch","Ложь: «просто заебало работать»","lie;control",,,,"+3",0,"+12","-3",0,0,0,0,None,Lie,0,,,,Scene3_Final_PaidPatrick,,,Поверхностно легче, но остается мина (она не знает, флаг=0)
Scene3_BreakingPoint_PaidPatrick,,"S3_A_Calm_PaidBranch","Успокоить «не парься»","warm;avoid","","NS > 60 (hardlock)","NS > 40 (softlock)","+2",0,"+15","-4",0,0,0,0,None,Avoid,0,,,,Scene3_Final_PaidPatrick,,,В ЭТОЙ ВЕТКЕ УСПОКОИТЬ ХАРД ЛОК ПРИ НАГРУЗКЕ >60 (потому что он реально разваливается)
Scene3_Final_Selector_Standard,"Сцена 3 Финал (не платил): A/B/C частично state-driven + player override с мягкой рекомендацией",FINAL_A_WarmDivan,"Финал A: Дива, сон, TV фоном","warm;domestic",,,,,,0,0,0,0,0,0,0,0,None,,0,WarmDivan,,,,Рекомендуется при Trust>20 AND NS<65
Scene3_Final_Selector_Standard,,"FINAL_B_ControlBoss","Финал B: Контроль / Поза босса / Мусор / Душа поделенная","control;cold;avoid",,,,,,0,0,0,0,0,0,0,0,None,,0,ControlBoss,,,,Рекомендуется при NW<=-10 OR breakingAnswer=Lie/Avoid
Scene3_Final_Selector_Standard,,"FINAL_C_PassionBed","Финал C: Страсть / Спальня","passion;warm;intimate",,,,,,0,0,0,0,0,0,0,0,None,,0,PassionBed,,,,Рекомендуется при Trust>40 AND NW>+15
Scene3_Final_PaidPatrick,"Сцена 3 Финал (ПЛАТИЛ ПАТРИКУ) = отдельная холодная ветка (нет ABC)",FINAL_Paid_Ending,"Холодная развязка: вечер раздельно / разрыв маленький / TV один",,"cold;avoid;domestic",,,,,,"-5",0,"+5","-3",0,0,0,0,None,,0,ColdPaidEnding,ACT1_TV_PlotPoint,,,Фиксированный финал для этой ветки,нет ABC
ACT1_TV_PlotPoint,"Сюжетный TV (Трагедия в прямом эфире + сауна + вице-президент + финал новостей)",AUTORUN_Apply,"(авто) конец акт 1",,,,,,0,0,0,0,0,0,0,0,None,,,,DONE,,,
DONE,"Конец симуляции Act 1",END,,,0,0,0,0,0,0,0,0,None,Unset,0,Unset,,,,,,
