"Block","Row/Col","Label","Field","Type","Formula_or_Value","Notes"
"=== MAIN BLOCK START (rows 1-40) ===",,,,,"Single Sheet: верхняя часть = MAIN игровой путь (шаги), нижняя часть = LUT справочники эффектов/узлов/архетипов. Чтобы dropdown'ы работали в Google Sheets: создай Data validation для столбца Archetype = лист!LUT_ARCHETYPES[ColumnA]; аналогично для NodeId = LUT_NODES[ColumnA]; для ChoiceId = LUT_CHOICES где NodeId совпадает. В данном CSV мы подготовили все ячейки и формулы; при импорте в Google Sheets dropdown'ы появятся автоматически, если при импорте включить 'Convert text...'. Если dropdown'ы не появились - используй Data validation руками по описанным диапазонам."
"HEADER",1,"A1","Act 1 Story Balancer (One Sheet)","Text",,""
"STEP_ROW",3,"A3","Step 0 (Start)","Step","Step 0","Начни с этого"
"STEP_ROW",3,"B3","Archetype (dropdown)","Archetype","Dropdown from LUT_ARCHETYPES[col A]","Overwhelmed/Cynic/Controller",""
"STEP_ROW",3,"C3","CharlotteTrust","CT","Formula: =IFERROR(VLOOKUP(B3,LUT_ARCHETYPES!$A:$F,2,FALSE),"""")",""
"STEP_ROW",3,"D3","PatrickPressure","PP","Formula: =IFERROR(VLOOKUP(B3,LUT_ARCHETYPES!$A:$F,3,FALSE),"""")",""
"STEP_ROW",3,"E3","NickStress","NS","Formula: =IFERROR(VLOOKUP(B3,LUT_ARCHETYPES!$A:$F,4,FALSE),"""")",""
"STEP_ROW",3,"F3","NickWarmth","NW","Formula: =IFERROR(VLOOKUP(B3,LUT_ARCHETYPES!$A:$F,5,FALSE),"""")",""
"STEP_ROW",3,"G3","Money","M","Formula: =IFERROR(VLOOKUP(B3,LUT_ARCHETYPES!$A:$F,6,FALSE),"""")",""
"STEP_ROW",3,"H3","S1_BlefUsed","Flag","Number","0/1",""
"STEP_ROW",3,"I3","S2_PaidPatrick","Flag","Number","0/1",""
"STEP_ROW",3,"J3","S2_ExtraWorkRequired","Flag","Number","0/1",""
"STEP_ROW",3,"K3","S2_PatrickAnswerStyle","Enum","Dropdown from LUT_PatrickStyles",""
"STEP_ROW",3,"L3","S3_BreakingPointAnswer","Enum","Dropdown from LUT_BreakingAnswers",""
"STEP_ROW",3,"M3","S3_CharlotteKnowsAboutPatrick","Flag","Number","0/1",""
"STEP_ROW",3,"N3","S3_FinalVariant","Enum","Dropdown from LUT_Finals",""
"STEP_ROW",3,"O3","Current NodeId (dropdown)","NodeId","Dropdown from LUT_NODES[col A]","Первый шаг: S1_Entry"
"STEP_ROW",3,"P3","ChoiceId (dropdown)","ChoiceId","Dropdown from LUT_CHOICES[col B where col A matches current NodeId]","Для авто-нод обычно AUTORUN_Apply или SWITCH или END."
"STEP_ROW",3,"Q3","Validation / Lock Msg","Text","Formula: =IFERROR(IF( (P3=""S2_D_Pay450"")*(G3<450),""LOCK: Money < 450"", IF( AND(LEFT(P3,12)=""S3_A_Calm_Pai"", E3>60),""HARDLOCK: NickStress > 60 in Paid branch Calm"", IF( AND(P3=""S3_A_Calm"", E3>70),""SOFTLOCK: NickStress>70, Calm feels odd"" , IF( AND(P3=""TruthPaid"", E3>95),""HARDLOCK: NS>95 for TruthPaid"",""OK"")))),"")","Показывает валидацию выбора"
"STEP_ROW",3,"R3","Next State Preview (auto after choice)","DeltaInfo","Formula: =IFERROR(IF(Q3=""OK"", ""CT=""&TEXT(C3+IFERROR(VLOOKUP(P3,LUT_CHOICES!$B:$K,3,FALSE),0),""+0;-0"")&"" PP=""&TEXT(D3+IFERROR(VLOOKUP(P3,LUT_CHOICES!$B:$K,4,FALSE),0),""+0;-0"")&"" NS=""&TEXT(MAX(0,MIN(100,E3+IFERROR(VLOOKUP(P3,LUT_CHOICES!$B:$K,5,FALSE),0))),""+0;-0"")&"" NW=""&TEXT(MAX(-100,MIN(100,F3+IFERROR(VLOOKUP(P3,LUT_CHOICES!$B:$K,6,FALSE),0))),""+0;-0"")&"" M=""&TEXT(MAX(0,G3+IFERROR(VLOOKUP(P3,LUT_CHOICES!$B:$K,7,FALSE),0)),""+0;-0"")&"" FlagsBlef=""&MAX(H3, IFERROR(VLOOKUP(P3,LUT_CHOICES!$B:$K,8,FALSE),0))&"" Paid=""&MAX(I3, IFERROR(VLOOKUP(P3,LUT_CHOICES!$B:$K,9,FALSE),0))&"" ExtraWork=""&MAX(J3, IFERROR(VLOOKUP(P3,LUT_CHOICES!$B:$K,10,FALSE),0)),""Q3 says LOCKED. Fix choice first.""),"""")","Перед применением шага смотри, что получится. Дельты считаются автоматически по LUT_CHOICES."
"STEP_ROW",3,"S3","Next Node (auto via SWITCH or simple next)","NextNode","Formula: =IFERROR( IF( O3=""LEVEL_BLOCK_Patrick_Branch"", IF( I3=1,""Scene3_Entry_PaidPatrick"",""Scene3_Entry_Standard""), IFERROR(VLOOKUP(O3,LUT_NODES!$A:$B,2,FALSE), IFERROR(VLOOKUP(P3,LUT_CHOICES!$B:$L,11,FALSE),""DONE"" ))),"""")","Помогает выбрать следующий узел без ручного поиска."
"STEP_ROW",5,"A5","Step 1 (copy Step0 -> paste here as new state, then choose new NodeId/ChoiceId)","Step","Step 1",""
"STEP_ROW_TEMPLATE_COPY",5,"B5","Archetype","Archetype","Formula: =B3","Обычно не меняется за Act 1."
"STEP_ROW_TEMPLATE_COPY",5,"C5","CT next","CT","Formula: =MAX(-100,MIN(100, C3+IFERROR(VLOOKUP(P3,LUT_CHOICES!$B:$K,3,FALSE),0)))","= Step0CT + delta"
"STEP_ROW_TEMPLATE_COPY",5,"D5","PP next","PP","Formula: =MAX(-100,MIN(100, D3+IFERROR(VLOOKUP(P3,LUT_CHOICES!$B:$K,4,FALSE),0)))",""
"STEP_ROW_TEMPLATE_COPY",5,"E5","NS next","NS","Formula: =MAX(0,MIN(100, E3+IFERROR(VLOOKUP(P3,LUT_CHOICES!$B:$K,5,FALSE),0)))","Clamp 0..100"
"STEP_ROW_TEMPLATE_COPY",5,"F5","NW next","NW","Formula: =MAX(-100,MIN(100, F3+IFERROR(VLOOKUP(P3,LUT_CHOICES!$B:$K,6,FALSE),0)))","Clamp -100..100"
"STEP_ROW_TEMPLATE_COPY",5,"G5","M next","M","Formula: =MAX(0,G3+IFERROR(VLOOKUP(P3,LUT_CHOICES!$B:$K,7,FALSE),0))","Не даём уходить в минус (вручную можно разрешить)"
"STEP_ROW_TEMPLATE_COPY",5,"H5","FlagBlef next","Flag","Formula: =MAX(H3,IFERROR(VLOOKUP(P3,LUT_CHOICES!$B:$K,8,FALSE),0))","0 или 1"
"STEP_ROW_TEMPLATE_COPY",5,"I5","PaidPatrick next","Flag","Formula: =MAX(I3,IFERROR(VLOOKUP(P3,LUT_CHOICES!$B:$K,9,FALSE),0))","0 или 1"
"STEP_ROW_TEMPLATE_COPY",5,"J5","ExtraWork next","Flag","Formula: =MAX(J3,IFERROR(VLOOKUP(P3,LUT_CHOICES!$B:$K,10,FALSE),0))","0 или 1"
"STEP_ROW_TEMPLATE_COPY",5,"K5","PatrickAnswerStyle next","Enum","Formula: =IFERROR(IF(VLOOKUP(P3,LUT_CHOICES!$B:$M,12,FALSE)<>"""", VLOOKUP(P3,LUT_CHOICES!$B:$M,12,FALSE), K3), K3)","Если выбор задает стиль - берём его, иначе старое."
"STEP_ROW_TEMPLATE_COPY",5,"L5","BreakingAnswer next","Enum","Formula: =IFERROR(IF(VLOOKUP(P3,LUT_CHOICES!$B:$N,13,FALSE)<>"""", VLOOKUP(P3,LUT_CHOICES!$B:$N,13,FALSE), L3), L3)",""
"STEP_ROW_TEMPLATE_COPY",5,"M5","CharlotteKnows next","Flag","Formula: =IFERROR(IF(VLOOKUP(P3,LUT_CHOICES!$B:$O,14,FALSE)<>"""", VLOOKUP(P3,LUT_CHOICES!$B:$O,14,FALSE), M3), M3)",""
"STEP_ROW_TEMPLATE_COPY",5,"N5","FinalVariant next","Enum","Formula: =IFERROR(IF(VLOOKUP(P3,LUT_CHOICES!$B:$P,15,FALSE)<>"""", VLOOKUP(P3,LUT_CHOICES!$B:$P,15,FALSE), N3), N3)",""
"STEP_ROW_TEMPLATE_COPY",5,"O5","NodeId for Step 1","NodeId","Dropdown","= S3 (auto suggestion). Обычно начинаешь с S1_Entry для Step0, затем для Step1 выбираешь следующий NodeId по S3."
"STEP_ROW_TEMPLATE_COPY",5,"P5","ChoiceId for Step1","ChoiceId","Dropdown",""
"STEP_ROW_TEMPLATE_COPY",5,"Q5","Validation Msg step 1","Text","Formula: =IFERROR(IF( (P5=""S2_D_Pay450"")*(G5<450),""LOCK Money<450"", IF( AND(LEFT(P5,12)=""S3_A_Calm_Pai"", E5>60),""HARDLOCK NS>60 Paid Calm"", IF( AND(P5=""S3_A_Calm"", E5>70),""SOFTLOCK NS>70 Calm odd"", IF( AND(P5=""TruthPaid"", E5>95),""HARDLOCK NS>95 TruthPaid"",""OK"")))),"")",""
"STEP_ROW_TEMPLATE_COPY",5,"R5","NextStatePreview Step1","Text","Formula: =IFERROR(IF(Q5=""OK"", ""CT=""&TEXT(C5+IFERROR(VLOOKUP(P5,LUT_CHOICES!$B:$K,3,FALSE),0),""+0;-0"")&"" PP=""&TEXT(D5+IFERROR(VLOOKUP(P5,LUT_CHOICES!$B:$K,4,FALSE),0),""+0;-0"")&"" NS=""&TEXT(MAX(0,MIN(100,E5+IFERROR(VLOOKUP(P5,LUT_CHOICES!$B:$K,5,FALSE),0))),""+0;-0"")&"" NW=""&TEXT(MAX(-100,MIN(100,F5+IFERROR(VLOOKUP(P5,LUT_CHOICES!$B:$K,6,FALSE),0))),""+0;-0"")&"" M=""&TEXT(MAX(0,G5+IFERROR(VLOOKUP(P5,LUT_CHOICES!$B:$K,7,FALSE),0)),""+0;-0"")&"" FlagsBlef=""&MAX(H5,IFERROR(VLOOKUP(P5,LUT_CHOICES!$B:$K,8,FALSE),0))&"" Paid=""&MAX(I5,IFERROR(VLOOKUP(P5,LUT_CHOICES!$B:$K,9,FALSE),0)),""Q5 says LOCKED"")",""
"STEP_ROW_TEMPLATE_COPY",5,"S5","NextNode auto step1","Text","Formula: =IFERROR( IF( O5=""LEVEL_BLOCK_Patrick_Branch"", IF(I5=1,""Scene3_Entry_PaidPatrick"",""Scene3_Entry_Standard""), IFERROR(VLOOKUP(O5,LUT_NODES!$A:$B,2,FALSE), IFERROR(VLOOKUP(P5,LUT_CHOICES!$B:$L,11,FALSE),""DONE""))),"""")",""
"TEMPLATE_HINT",7,"A7","Tip: Выделяешь строки 5 (шаблон шага) и протягиваешь вниз на 20-25 шагов. Дропдауны и формулы разъедутся сами.","","","Потом для каждого шага выбираешь NodeId и ChoiceId, смотришь валидацию в Q, R - это превью нового состояния. Потом оно автоматом подтянется в следующую строку шага."
"=== MAIN BLOCK END ===",,,,,""
"","","","","","",""
"=== LUT_ARCHETYPES BLOCK START ===",,,,,"Use these ranges for Data Validation (dropdowns): Column A = archetype id. Rows after header are values."
"LUT_ARCHETYPES_HEADER","","Archetype","Start_CT","Start_PP","Start_NS","Start_NW","Start_Money","Notes"
"LUT_ARCHETYPES_ROW","","Overwhelmed","5","0","30","10","0","Растерянный / default"
"LUT_ARCHETYPES_ROW","","Cynic","-5","-10","10","-20","0","Циничный, холодный расчет"
"LUT_ARCHETYPES_ROW","","Controller","0","10","5","-10","0","Контролер / одержимый контролем"
"=== LUT_ARCHETYPES BLOCK END ===",,,,,""
"","","","","","",""
"=== LUT_NODES BLOCK START ===",,,,"Simple node catalog (A=NodeId, B=default next node. For SWITCH nodes (LEVEL_BLOCK_Patrick_Branch) next is computed via MAIN formula."
"LUT_NODES_HEADER","","NodeId","DefaultNextNode","NodeCaption",""
"LUT_NODES_ROW","","SETUP_Archetype","S1_Entry","инициализация",""
"LUT_NODES_ROW","","S1_Entry","S1_QTA_1_3","Сцена 1 вступление визуал",""
"LUT_NODES_ROW","","S1_QTA_1_3","S1_KUB_Entry","Сцена 1 QTA 3 ответа",""
"LUT_NODES_ROW","","S1_KUB_Entry","S1_QTA_Contract","Экран аванс 100 enter",""
"LUT_NODES_ROW","","S1_QTA_Contract","LEVEL_BLOCK_BEFORE_L5","Нажать Энтер или Отказ + возврат",""
"LUT_NODES_ROW","","S1_CONTRACT_B_Return","LEVEL_BLOCK_BEFORE_L5","(сценарий возврата после отказа)",""
"LUT_NODES_ROW","","LEVEL_BLOCK_BEFORE_L5","S2_Entry","суммарный эффект 1..5 лвл",""
"LUT_NODES_ROW","","S2_Entry","S2_Patrick_Visit","утро Шарлотта ругается → сон",""
"LUT_NODES_ROW","","S2_Patrick_Visit","S2_QTA_Patrick","визит Патрика 4_1..4_3",""
"LUT_NODES_ROW","","S2_QTA_Patrick","LEVEL_BLOCK_Patrick_Branch","ответ Патрику A/B/C/D",""
"LUT_NODES_ROW","","LEVEL_BLOCK_Patrick_Branch","DONE","(special switch node: PaidPatrick=1 → Paid ветка, else → Standard)",""
"LUT_NODES_ROW","","LEVEL_DETAIL_StandardPath_6_14","Scene3_Entry_Standard","(optional детальный блок)",""
"LUT_NODES_ROW","","LEVEL_DETAIL_PaidPath_Total_5_to_14","Scene3_Entry_PaidPatrick","(optional упрощенный суммарный блок)",""
"LUT_NODES_ROW","","Scene3_Entry_Standard","Scene3_BreakingPoint_Standard","",""
"LUT_NODES_ROW","","Scene3_Entry_PaidPatrick","Scene3_BreakingPoint_PaidPatrick","",""
"LUT_NODES_ROW","","Scene3_BreakingPoint_Standard","Scene3_Final_Selector_Standard","",""
"LUT_NODES_ROW","","Scene3_BreakingPoint_PaidPatrick","Scene3_Final_PaidPatrick","",""
"LUT_NODES_ROW","","Scene3_Final_Selector_Standard","ACT1_TV_PlotPoint","",""
"LUT_NODES_ROW","","Scene3_Final_PaidPatrick","ACT1_TV_PlotPoint","",""
"LUT_NODES_ROW","","ACT1_TV_PlotPoint","DONE","",""
"LUT_NODES_ROW","","DONE","","end",""
"=== LUT_NODES BLOCK END ===",,,,,""
"","","","","","",""
"=== LUT_CHOICES BLOCK START ===",,,,"Effect table per choice. Формат: NodeId (группа), ChoiceId (уникальный в рамках узла), дельты CT PP NS NW M, set flags, enums, optional next override. Формулы MAIN ссылаются на столбцы B..P этого диапазона (VLOOKUP по ChoiceId, поэтому ChoiceId уникальный глобально)."
"LUT_CHOICES_HEADER","","NodeId","ChoiceId","delta_CT","delta_PP","delta_NS","delta_NW","delta_Money","set_flag_S1BlefUsed","set_flag_S2PaidPatrick","set_flag_S2ExtraWorkRequired","choice_override_next","set_PatrickStyle","set_BreakingAnswer","set_CharlotteKnows","set_FinalVariant","ChoiceCaption"
"LUT_CHOICES_ROW","","S1_Entry","SEE","0","0","0","0","0","0","0","0","S1_QTA_1_3","","","","","визуал, ничего не меняет"
"LUT_CHOICES_ROW","","S1_QTA_1_3","S1_3_A","10","0","4","3","0","0","0","0","S1_KUB_Entry","","","","","Уязвимость / Честность (warm honest)"
"LUT_CHOICES_ROW","","S1_QTA_1_3","S1_3_B","-6","0","6","-2","0","0","0","0","S1_KUB_Entry","","","","","Защитный цинизм / Дистанция (cold avoid)"
"LUT_CHOICES_ROW","","S1_QTA_1_3","S1_3_C","-2","0","2","-1","0","1","0","0","S1_KUB_Entry","","","","","Блеф / Уверенность на пустом (lie avoid control). Ставит флаг S1_BlefUsed."
"LUT_CHOICES_ROW","","S1_KUB_Entry","AUTORUN_Apply","0","0","3","0","100","0","0","0","S1_QTA_Contract","","","","","аванc +100, stress +3"
"LUT_CHOICES_ROW","","S1_QTA_Contract","S1_CONTRACT_A","0","0","3","0","0","0","0","0","LEVEL_BLOCK_BEFORE_L5","","","","","Нажать Энтер"
"LUT_CHOICES_ROW","","S1_QTA_Contract","S1_CONTRACT_B","-5","0","15","-5","0","0","0","0","S1_CONTRACT_B_Return","","","","","Отказ (GAME OVER + возврат с пенальти)"
"LUT_CHOICES_ROW","","S1_CONTRACT_B_Return","AUTORUN_Apply","0","0","15","-3","0","0","0","0","LEVEL_BLOCK_BEFORE_L5","","","","","возврат после отказа: доп стресс +15"
"LUT_CHOICES_ROW","","LEVEL_BLOCK_BEFORE_L5","AUTORUN_Apply","0","0","5","-1","500","0","0","0","S2_Entry","","","","","суммарно 1..5 уровней: +500 M +5 NS -1 NW"
"LUT_CHOICES_ROW","","S2_Entry","AUTORUN_Apply","3","0","-3","2","0","0","0","0","S2_Patrick_Visit","","","","","Объятия/сон/обещание: +3 CT -3 NS +2 NW"
"LUT_CHOICES_ROW","","S2_Patrick_Visit","AUTORUN_Apply","0","5","5","-1","0","0","0","0","S2_QTA_Patrick","","","","","Визит Патрика вступление: +5 PP +5 NS -1 NW"
"LUT_CHOICES_ROW","","S2_QTA_Patrick","S2_A_Submissive","-3","-5","4","-2","0","0","0","0","LEVEL_BLOCK_Patrick_Branch","Submissive","","","","Сдержанный / Прогиб"
"LUT_CHOICES_ROW","","S2_QTA_Patrick","S2_B_Aggressive","-5","25","10","-5","0","0","0","0","LEVEL_BLOCK_Patrick_Branch","Aggressive","","","","Агрессивный выпад"
"LUT_CHOICES_ROW","","S2_QTA_Patrick","S2_C_Sarcasm","-3","15","8","-3","0","0","0","0","LEVEL_BLOCK_Patrick_Branch","Sarcastic","","","","Сарказм / вейп / укол"
"LUT_CHOICES_ROW","","S2_QTA_Patrick","S2_D_Pay450","-4","-30","10","-2","-450","0","1","1","LEVEL_BLOCK_Patrick_Branch","Paid","","","","Отдать 450$ Патрику. Ставит S2_PaidPatrick и S2_ExtraWorkRequired. MAIN проверяет Money>=450."
"LUT_CHOICES_ROW","","LEVEL_BLOCK_Patrick_Branch","SWITCH_STANDARD","0","0","0","0","0","0","0","0","Scene3_Entry_Standard","","","","","(вариант если не платил. Можно выбрать, а можно использовать авто switch в MAIN формуле S3)"
"LUT_CHOICES_ROW","","LEVEL_BLOCK_Patrick_Branch","SWITCH_PAID_PLUS_3FILLERS","0","0","39","-6","3150","0","1","1","Scene3_Entry_PaidPatrick","","","","","Упрощенный суммарный эффект paid пути: блок 5..14 (стандарт) + 3 филлера суммарно: M +3150, NS +39, NW -6. Используй этот SWITCH choice чтобы не считать руками."
"LUT_CHOICES_ROW","","LEVEL_DETAIL_StandardPath_6_14","AUTORUN_Apply","0","0","12","-2","2250","0","0","0","Scene3_Entry_Standard","","","","","(optional) стандартный 6..14 суммарно"
"LUT_CHOICES_ROW","","LEVEL_DETAIL_PaidPath_Total_5_to_14","AUTORUN_Apply","0","0","39","-6","3150","0","1","1","Scene3_Entry_PaidPatrick","","","","","(optional) paid путь суммарный (совпадает с SWITCH_PAID_PLUS_3FILLERS выше)."
"LUT_CHOICES_ROW","","Scene3_Entry_Standard","AUTORUN_Apply","0","0","0","0","0","0","0","0","Scene3_BreakingPoint_Standard","","","","","(entry bias optional, можно руками подкрутить потом)"
"LUT_CHOICES_ROW","","Scene3_Entry_PaidPatrick","AUTORUN_Apply","-5","0","8","-2","0","0","1","1","Scene3_BreakingPoint_PaidPatrick","","","","","Платил Патрику → Ник чуть живой на входе: CT-5, NS+8, NW-2, флаг Paid и ExtraWork подтверждаются"
"LUT_CHOICES_ROW","","Scene3_BreakingPoint_Standard","S3_D_Truth","-10","0","-10","2","0","0","0","0","Scene3_Final_Selector_Standard","","Truth","1","","Сказать правду (если что-то утаивал). Доверие сначала падает потом растет → суммарно CT-10; выговорился → NS-10"
"LUT_CHOICES_ROW","","Scene3_BreakingPoint_Standard","S3_E_Lie","5","0","10","-3","0","0","0","0","Scene3_Final_Selector_Standard","","Lie","0","","Ложь/замять. Поверхностно легче (+5 CT, +10 NS, -3 NW). Флаг: Шарлотта НЕ знает."
"LUT_CHOICES_ROW","","Scene3_BreakingPoint_Standard","S3_A_Calm","8","0","5","2","0","0","0","0","Scene3_Final_Selector_Standard","","Avoid","0","","Успокоить / не обсуждать. softlock если NS>70 → смотри MAIN Q column."
"LUT_CHOICES_ROW","","Scene3_BreakingPoint_PaidPatrick","TruthPaid","-20","0","-10","1","0","0","0","0","Scene3_Final_PaidPatrick","","Truth","1","","Правда «я отдал ему 450». Шарлотта знает. Ярость CT-20; выговорился NS-10."
"LUT_CHOICES_ROW","","Scene3_BreakingPoint_PaidPatrick","LiePaid","3","0","12","-3","0","0","1","1","Scene3_Final_PaidPatrick","","Lie","0","","Ложь «просто заебало работать». Шарлотта не знает → мина на Act2."
"LUT_CHOICES_ROW","","Scene3_BreakingPoint_PaidPatrick","S3_A_Calm_PaidBranch","2","0","15","-4","0","0","1","1","Scene3_Final_PaidPatrick","","Avoid","0","","Успокоить «не парься». HARDLOCK при NS>60. SOFTLOCK при NS>40 → MAIN Q column сообщит."
"LUT_CHOICES_ROW","","Scene3_Final_Selector_Standard","FINAL_A_WarmDivan","0","0","0","0","0","0","0","0","ACT1_TV_PlotPoint","","","","WarmDivan","Финал A. Рекомендуется при Trust>20 NS<65."
"LUT_CHOICES_ROW","","Scene3_Final_Selector_Standard","FINAL_B_ControlBoss","0","0","0","0","0","0","0","0","ACT1_TV_PlotPoint","","","","ControlBoss","Финал B. Рекомендуется при NW<=-10 или Breaking=Avoid/Lie."
"LUT_CHOICES_ROW","","Scene3_Final_Selector_Standard","FINAL_C_PassionBed","0","0","0","0","0","0","0","0","ACT1_TV_PlotPoint","","","","PassionBed","Финал C. Рекомендуется при Trust>40 NW>15."
"LUT_CHOICES_ROW","","Scene3_Final_PaidPatrick","FINAL_Paid_Ending","-5","0","5","-3","0","0","1","1","ACT1_TV_PlotPoint","","","","ColdPaidEnding","Фиксированный холодный финал paid ветки (нет ABC)."
"LUT_CHOICES_ROW","","ACT1_TV_PlotPoint","AUTORUN_Apply","0","0","0","0","0","0","0","0","DONE","","","","","Plot point TV/Sauna/Morgue. Эффекты нет, только переход."
"LUT_CHOICES_ROW","","DONE","END","0","0","0","0","0","0","0","0","","","","","","конец Act1"
"=== LUT_CHOICES BLOCK END ===",,,,,""
"","","","","","",""
"=== HELPERS (для dropdown list валидаций) ===",,,,,"Опиши эти именованные диапазоны в Google Sheets, чтобы Data Validation работал без ручных диапазонов."
"HELPER_enums_PatrickStyles",,"Submissive","Aggressive","Sarcastic","Paid","None",""
"HELPER_enums_BreakingAnswers",,"Truth","Lie","Avoid","Unset","",""
"HELPER_enums_Finals",,"WarmDivan","ControlBoss","PassionBed","ColdPaidEnding","Unset",""
"","","","","","",""
"=== END OF OneSheet CSV ===",,,,,""
